<?xml version="1.0" encoding="UTF-8"?>
<!DOCTYPE mapper PUBLIC "-//mybatis.org//DTD Mapper 3.0//EN" "http://mybatis.org/dtd/mybatis-3-mapper.dtd">
<mapper namespace="com.example.demo.mapper.FoodRecipeMapper">
  <resultMap id="BaseResultMap" type="com.example.demo.model.FoodRecipe">
    <!--
      WARNING - @mbg.generated
      This element is automatically generated by MyBatis Generator, do not modify.
      This element was generated on Mon Nov 26 10:30:33 KST 2018.
    -->
    <result column="food_id" jdbcType="INTEGER" property="foodId" />
    <result column="recipe_desc" jdbcType="VARCHAR" property="recipeDesc" />
    <result column="image_location" jdbcType="VARCHAR" property="imageLocation" />
    <result column="ord" jdbcType="INTEGER" property="ord" />
  </resultMap>
  <sql id="Example_Where_Clause">
    <!--
      WARNING - @mbg.generated
      This element is automatically generated by MyBatis Generator, do not modify.
      This element was generated on Mon Nov 26 10:30:33 KST 2018.
    -->
    <where>
      <foreach collection="oredCriteria" item="criteria" separator="or">
        <if test="criteria.valid">
          <trim prefix="(" prefixOverrides="and" suffix=")">
            <foreach collection="criteria.criteria" item="criterion">
              <choose>
                <when test="criterion.noValue">
                  and ${criterion.condition}
                </when>
                <when test="criterion.singleValue">
                  and ${criterion.condition} #{criterion.value}
                </when>
                <when test="criterion.betweenValue">
                  and ${criterion.condition} #{criterion.value} and #{criterion.secondValue}
                </when>
                <when test="criterion.listValue">
                  and ${criterion.condition}
                  <foreach close=")" collection="criterion.value" item="listItem" open="(" separator=",">
                    #{listItem}
                  </foreach>
                </when>
              </choose>
            </foreach>
          </trim>
        </if>
      </foreach>
    </where>
  </sql>
  <sql id="Update_By_Example_Where_Clause">
    <!--
      WARNING - @mbg.generated
      This element is automatically generated by MyBatis Generator, do not modify.
      This element was generated on Mon Nov 26 10:30:33 KST 2018.
    -->
    <where>
      <foreach collection="example.oredCriteria" item="criteria" separator="or">
        <if test="criteria.valid">
          <trim prefix="(" prefixOverrides="and" suffix=")">
            <foreach collection="criteria.criteria" item="criterion">
              <choose>
                <when test="criterion.noValue">
                  and ${criterion.condition}
                </when>
                <when test="criterion.singleValue">
                  and ${criterion.condition} #{criterion.value}
                </when>
                <when test="criterion.betweenValue">
                  and ${criterion.condition} #{criterion.value} and #{criterion.secondValue}
                </when>
                <when test="criterion.listValue">
                  and ${criterion.condition}
                  <foreach close=")" collection="criterion.value" item="listItem" open="(" separator=",">
                    #{listItem}
                  </foreach>
                </when>
              </choose>
            </foreach>
          </trim>
        </if>
      </foreach>
    </where>
  </sql>
  <sql id="Base_Column_List">
    <!--
      WARNING - @mbg.generated
      This element is automatically generated by MyBatis Generator, do not modify.
      This element was generated on Mon Nov 26 10:30:33 KST 2018.
    -->
    food_id, recipe_desc, image_location, ord
  </sql>
  <select id="selectByExample" parameterType="com.example.demo.model.FoodRecipeExample" resultMap="BaseResultMap">
    <!--
      WARNING - @mbg.generated
      This element is automatically generated by MyBatis Generator, do not modify.
      This element was generated on Mon Nov 26 10:30:33 KST 2018.
    -->
    select
    <if test="distinct">
      distinct
    </if>
    <include refid="Base_Column_List" />
    from food_recipe
    <if test="_parameter != null">
      <include refid="Example_Where_Clause" />
    </if>
    <if test="orderByClause != null">
      order by ${orderByClause}
    </if>
  </select>
  <delete id="deleteByExample" parameterType="com.example.demo.model.FoodRecipeExample">
    <!--
      WARNING - @mbg.generated
      This element is automatically generated by MyBatis Generator, do not modify.
      This element was generated on Mon Nov 26 10:30:33 KST 2018.
    -->
    delete from food_recipe
    <if test="_parameter != null">
      <include refid="Example_Where_Clause" />
    </if>
  </delete>
  <insert id="insert" parameterType="com.example.demo.model.FoodRecipe">
    <!--
      WARNING - @mbg.generated
      This element is automatically generated by MyBatis Generator, do not modify.
      This element was generated on Mon Nov 26 10:30:33 KST 2018.
    -->
    insert into food_recipe (food_id, recipe_desc, image_location, 
      ord)
    values (#{foodId,jdbcType=INTEGER}, #{recipeDesc,jdbcType=VARCHAR}, #{imageLocation,jdbcType=VARCHAR}, 
      #{ord,jdbcType=INTEGER})
  </insert>
  <insert id="insertSelective" parameterType="com.example.demo.model.FoodRecipe">
    <!--
      WARNING - @mbg.generated
      This element is automatically generated by MyBatis Generator, do not modify.
      This element was generated on Mon Nov 26 10:30:33 KST 2018.
    -->
    insert into food_recipe
    <trim prefix="(" suffix=")" suffixOverrides=",">
      <if test="foodId != null">
        food_id,
      </if>
      <if test="recipeDesc != null">
        recipe_desc,
      </if>
      <if test="imageLocation != null">
        image_location,
      </if>
      <if test="ord != null">
        ord,
      </if>
    </trim>
    <trim prefix="values (" suffix=")" suffixOverrides=",">
      <if test="foodId != null">
        #{foodId,jdbcType=INTEGER},
      </if>
      <if test="recipeDesc != null">
        #{recipeDesc,jdbcType=VARCHAR},
      </if>
      <if test="imageLocation != null">
        #{imageLocation,jdbcType=VARCHAR},
      </if>
      <if test="ord != null">
        #{ord,jdbcType=INTEGER},
      </if>
    </trim>
  </insert>
  <select id="countByExample" parameterType="com.example.demo.model.FoodRecipeExample" resultType="java.lang.Long">
    <!--
      WARNING - @mbg.generated
      This element is automatically generated by MyBatis Generator, do not modify.
      This element was generated on Mon Nov 26 10:30:33 KST 2018.
    -->
    select count(*) from food_recipe
    <if test="_parameter != null">
      <include refid="Example_Where_Clause" />
    </if>
  </select>
  <update id="updateByExampleSelective" parameterType="map">
    <!--
      WARNING - @mbg.generated
      This element is automatically generated by MyBatis Generator, do not modify.
      This element was generated on Mon Nov 26 10:30:33 KST 2018.
    -->
    update food_recipe
    <set>
      <if test="record.foodId != null">
        food_id = #{record.foodId,jdbcType=INTEGER},
      </if>
      <if test="record.recipeDesc != null">
        recipe_desc = #{record.recipeDesc,jdbcType=VARCHAR},
      </if>
      <if test="record.imageLocation != null">
        image_location = #{record.imageLocation,jdbcType=VARCHAR},
      </if>
      <if test="record.ord != null">
        ord = #{record.ord,jdbcType=INTEGER},
      </if>
    </set>
    <if test="_parameter != null">
      <include refid="Update_By_Example_Where_Clause" />
    </if>
  </update>
  <update id="updateByExample" parameterType="map">
    <!--
      WARNING - @mbg.generated
      This element is automatically generated by MyBatis Generator, do not modify.
      This element was generated on Mon Nov 26 10:30:33 KST 2018.
    -->
    update food_recipe
    set food_id = #{record.foodId,jdbcType=INTEGER},
      recipe_desc = #{record.recipeDesc,jdbcType=VARCHAR},
      image_location = #{record.imageLocation,jdbcType=VARCHAR},
      ord = #{record.ord,jdbcType=INTEGER}
    <if test="_parameter != null">
      <include refid="Update_By_Example_Where_Clause" />
    </if>
  </update>
</mapper>