<?xml version="1.0" encoding="UTF-8"?>
<!DOCTYPE mapper PUBLIC "-//mybatis.org//DTD Mapper 3.0//EN" "http://mybatis.org/dtd/mybatis-3-mapper.dtd">
<mapper namespace="com.example.demo.mapper.FoodMapper">
  <resultMap id="BaseResultMap" type="com.example.demo.model.Food">
    <!--
      WARNING - @mbg.generated
      This element is automatically generated by MyBatis Generator, do not modify.
      This element was generated on Mon Nov 26 10:30:33 KST 2018.
    -->
    <id column="id" jdbcType="INTEGER" property="id" />
    <result column="name" jdbcType="VARCHAR" property="name" />
    <result column="food_type_id" jdbcType="INTEGER" property="foodTypeId" />
    <result column="calorie" jdbcType="REAL" property="calorie" />
    <result column="carbohydrate" jdbcType="REAL" property="carbohydrate" />
    <result column="protein" jdbcType="REAL" property="protein" />
    <result column="fat" jdbcType="REAL" property="fat" />
    <result column="natrium" jdbcType="REAL" property="natrium" />
    <result column="small_image_location" jdbcType="VARCHAR" property="smallImageLocation" />
    <result column="big_image_location" jdbcType="VARCHAR" property="bigImageLocation" />
    <result column="ingredients" jdbcType="VARCHAR" property="ingredients" />
  </resultMap>
  <sql id="Example_Where_Clause">
    <!--
      WARNING - @mbg.generated
      This element is automatically generated by MyBatis Generator, do not modify.
      This element was generated on Mon Nov 26 10:30:33 KST 2018.
    -->
    <where>
      <foreach collection="oredCriteria" item="criteria" separator="or">
        <if test="criteria.valid">
          <trim prefix="(" prefixOverrides="and" suffix=")">
            <foreach collection="criteria.criteria" item="criterion">
              <choose>
                <when test="criterion.noValue">
                  and ${criterion.condition}
                </when>
                <when test="criterion.singleValue">
                  and ${criterion.condition} #{criterion.value}
                </when>
                <when test="criterion.betweenValue">
                  and ${criterion.condition} #{criterion.value} and #{criterion.secondValue}
                </when>
                <when test="criterion.listValue">
                  and ${criterion.condition}
                  <foreach close=")" collection="criterion.value" item="listItem" open="(" separator=",">
                    #{listItem}
                  </foreach>
                </when>
              </choose>
            </foreach>
          </trim>
        </if>
      </foreach>
    </where>
  </sql>
  <sql id="Update_By_Example_Where_Clause">
    <!--
      WARNING - @mbg.generated
      This element is automatically generated by MyBatis Generator, do not modify.
      This element was generated on Mon Nov 26 10:30:33 KST 2018.
    -->
    <where>
      <foreach collection="example.oredCriteria" item="criteria" separator="or">
        <if test="criteria.valid">
          <trim prefix="(" prefixOverrides="and" suffix=")">
            <foreach collection="criteria.criteria" item="criterion">
              <choose>
                <when test="criterion.noValue">
                  and ${criterion.condition}
                </when>
                <when test="criterion.singleValue">
                  and ${criterion.condition} #{criterion.value}
                </when>
                <when test="criterion.betweenValue">
                  and ${criterion.condition} #{criterion.value} and #{criterion.secondValue}
                </when>
                <when test="criterion.listValue">
                  and ${criterion.condition}
                  <foreach close=")" collection="criterion.value" item="listItem" open="(" separator=",">
                    #{listItem}
                  </foreach>
                </when>
              </choose>
            </foreach>
          </trim>
        </if>
      </foreach>
    </where>
  </sql>
  <sql id="Base_Column_List">
    <!--
      WARNING - @mbg.generated
      This element is automatically generated by MyBatis Generator, do not modify.
      This element was generated on Mon Nov 26 10:30:33 KST 2018.
    -->
    id, name, food_type_id, calorie, carbohydrate, protein, fat, natrium, small_image_location, 
    big_image_location, ingredients
  </sql>
  <select id="selectByExample" parameterType="com.example.demo.model.FoodExample" resultMap="BaseResultMap">
    <!--
      WARNING - @mbg.generated
      This element is automatically generated by MyBatis Generator, do not modify.
      This element was generated on Mon Nov 26 10:30:33 KST 2018.
    -->
    select
    <if test="distinct">
      distinct
    </if>
    <include refid="Base_Column_List" />
    from food
    <if test="_parameter != null">
      <include refid="Example_Where_Clause" />
    </if>
    <if test="orderByClause != null">
      order by ${orderByClause}
    </if>
  </select>
  <select id="selectByPrimaryKey" parameterType="java.lang.Integer" resultMap="BaseResultMap">
    <!--
      WARNING - @mbg.generated
      This element is automatically generated by MyBatis Generator, do not modify.
      This element was generated on Mon Nov 26 10:30:33 KST 2018.
    -->
    select 
    <include refid="Base_Column_List" />
    from food
    where id = #{id,jdbcType=INTEGER}
  </select>
  <delete id="deleteByPrimaryKey" parameterType="java.lang.Integer">
    <!--
      WARNING - @mbg.generated
      This element is automatically generated by MyBatis Generator, do not modify.
      This element was generated on Mon Nov 26 10:30:33 KST 2018.
    -->
    delete from food
    where id = #{id,jdbcType=INTEGER}
  </delete>
  <delete id="deleteByExample" parameterType="com.example.demo.model.FoodExample">
    <!--
      WARNING - @mbg.generated
      This element is automatically generated by MyBatis Generator, do not modify.
      This element was generated on Mon Nov 26 10:30:33 KST 2018.
    -->
    delete from food
    <if test="_parameter != null">
      <include refid="Example_Where_Clause" />
    </if>
  </delete>
  <insert id="insert" parameterType="com.example.demo.model.Food">
    <!--
      WARNING - @mbg.generated
      This element is automatically generated by MyBatis Generator, do not modify.
      This element was generated on Mon Nov 26 10:30:33 KST 2018.
    -->
    insert into food (id, name, food_type_id, 
      calorie, carbohydrate, protein, 
      fat, natrium, small_image_location, 
      big_image_location, ingredients)
    values (#{id,jdbcType=INTEGER}, #{name,jdbcType=VARCHAR}, #{foodTypeId,jdbcType=INTEGER}, 
      #{calorie,jdbcType=REAL}, #{carbohydrate,jdbcType=REAL}, #{protein,jdbcType=REAL}, 
      #{fat,jdbcType=REAL}, #{natrium,jdbcType=REAL}, #{smallImageLocation,jdbcType=VARCHAR}, 
      #{bigImageLocation,jdbcType=VARCHAR}, #{ingredients,jdbcType=VARCHAR})
  </insert>
  <insert id="insertSelective"  useGeneratedKeys="true" keyProperty="id" parameterType="com.example.demo.model.Food">
    <!--
      WARNING - @mbg.generated
      This element is automatically generated by MyBatis Generator, do not modify.
      This element was generated on Mon Nov 26 10:30:33 KST 2018.
    -->
    insert into food
    <trim prefix="(" suffix=")" suffixOverrides=",">
      <if test="id != null">
        id,
      </if>
      <if test="name != null">
        name,
      </if>
      <if test="foodTypeId != null">
        food_type_id,
      </if>
      <if test="calorie != null">
        calorie,
      </if>
      <if test="carbohydrate != null">
        carbohydrate,
      </if>
      <if test="protein != null">
        protein,
      </if>
      <if test="fat != null">
        fat,
      </if>
      <if test="natrium != null">
        natrium,
      </if>
      <if test="smallImageLocation != null">
        small_image_location,
      </if>
      <if test="bigImageLocation != null">
        big_image_location,
      </if>
      <if test="ingredients != null">
        ingredients,
      </if>
    </trim>
    <trim prefix="values (" suffix=")" suffixOverrides=",">
      <if test="id != null">
        #{id,jdbcType=INTEGER},
      </if>
      <if test="name != null">
        #{name,jdbcType=VARCHAR},
      </if>
      <if test="foodTypeId != null">
        #{foodTypeId,jdbcType=INTEGER},
      </if>
      <if test="calorie != null">
        #{calorie,jdbcType=REAL},
      </if>
      <if test="carbohydrate != null">
        #{carbohydrate,jdbcType=REAL},
      </if>
      <if test="protein != null">
        #{protein,jdbcType=REAL},
      </if>
      <if test="fat != null">
        #{fat,jdbcType=REAL},
      </if>
      <if test="natrium != null">
        #{natrium,jdbcType=REAL},
      </if>
      <if test="smallImageLocation != null">
        #{smallImageLocation,jdbcType=VARCHAR},
      </if>
      <if test="bigImageLocation != null">
        #{bigImageLocation,jdbcType=VARCHAR},
      </if>
      <if test="ingredients != null">
        #{ingredients,jdbcType=VARCHAR},
      </if>
    </trim>
  </insert>
  <select id="countByExample" parameterType="com.example.demo.model.FoodExample" resultType="java.lang.Long">
    <!--
      WARNING - @mbg.generated
      This element is automatically generated by MyBatis Generator, do not modify.
      This element was generated on Mon Nov 26 10:30:33 KST 2018.
    -->
    select count(*) from food
    <if test="_parameter != null">
      <include refid="Example_Where_Clause" />
    </if>
  </select>
  <update id="updateByExampleSelective" parameterType="map">
    <!--
      WARNING - @mbg.generated
      This element is automatically generated by MyBatis Generator, do not modify.
      This element was generated on Mon Nov 26 10:30:33 KST 2018.
    -->
    update food
    <set>
      <if test="record.id != null">
        id = #{record.id,jdbcType=INTEGER},
      </if>
      <if test="record.name != null">
        name = #{record.name,jdbcType=VARCHAR},
      </if>
      <if test="record.foodTypeId != null">
        food_type_id = #{record.foodTypeId,jdbcType=INTEGER},
      </if>
      <if test="record.calorie != null">
        calorie = #{record.calorie,jdbcType=REAL},
      </if>
      <if test="record.carbohydrate != null">
        carbohydrate = #{record.carbohydrate,jdbcType=REAL},
      </if>
      <if test="record.protein != null">
        protein = #{record.protein,jdbcType=REAL},
      </if>
      <if test="record.fat != null">
        fat = #{record.fat,jdbcType=REAL},
      </if>
      <if test="record.natrium != null">
        natrium = #{record.natrium,jdbcType=REAL},
      </if>
      <if test="record.smallImageLocation != null">
        small_image_location = #{record.smallImageLocation,jdbcType=VARCHAR},
      </if>
      <if test="record.bigImageLocation != null">
        big_image_location = #{record.bigImageLocation,jdbcType=VARCHAR},
      </if>
      <if test="record.ingredients != null">
        ingredients = #{record.ingredients,jdbcType=VARCHAR},
      </if>
    </set>
    <if test="_parameter != null">
      <include refid="Update_By_Example_Where_Clause" />
    </if>
  </update>
  <update id="updateByExample" parameterType="map">
    <!--
      WARNING - @mbg.generated
      This element is automatically generated by MyBatis Generator, do not modify.
      This element was generated on Mon Nov 26 10:30:33 KST 2018.
    -->
    update food
    set id = #{record.id,jdbcType=INTEGER},
      name = #{record.name,jdbcType=VARCHAR},
      food_type_id = #{record.foodTypeId,jdbcType=INTEGER},
      calorie = #{record.calorie,jdbcType=REAL},
      carbohydrate = #{record.carbohydrate,jdbcType=REAL},
      protein = #{record.protein,jdbcType=REAL},
      fat = #{record.fat,jdbcType=REAL},
      natrium = #{record.natrium,jdbcType=REAL},
      small_image_location = #{record.smallImageLocation,jdbcType=VARCHAR},
      big_image_location = #{record.bigImageLocation,jdbcType=VARCHAR},
      ingredients = #{record.ingredients,jdbcType=VARCHAR}
    <if test="_parameter != null">
      <include refid="Update_By_Example_Where_Clause" />
    </if>
  </update>
  <update id="updateByPrimaryKeySelective" parameterType="com.example.demo.model.Food">
    <!--
      WARNING - @mbg.generated
      This element is automatically generated by MyBatis Generator, do not modify.
      This element was generated on Mon Nov 26 10:30:33 KST 2018.
    -->
    update food
    <set>
      <if test="name != null">
        name = #{name,jdbcType=VARCHAR},
      </if>
      <if test="foodTypeId != null">
        food_type_id = #{foodTypeId,jdbcType=INTEGER},
      </if>
      <if test="calorie != null">
        calorie = #{calorie,jdbcType=REAL},
      </if>
      <if test="carbohydrate != null">
        carbohydrate = #{carbohydrate,jdbcType=REAL},
      </if>
      <if test="protein != null">
        protein = #{protein,jdbcType=REAL},
      </if>
      <if test="fat != null">
        fat = #{fat,jdbcType=REAL},
      </if>
      <if test="natrium != null">
        natrium = #{natrium,jdbcType=REAL},
      </if>
      <if test="smallImageLocation != null">
        small_image_location = #{smallImageLocation,jdbcType=VARCHAR},
      </if>
      <if test="bigImageLocation != null">
        big_image_location = #{bigImageLocation,jdbcType=VARCHAR},
      </if>
      <if test="ingredients != null">
        ingredients = #{ingredients,jdbcType=VARCHAR},
      </if>
    </set>
    where id = #{id,jdbcType=INTEGER}
  </update>
  <update id="updateByPrimaryKey" parameterType="com.example.demo.model.Food">
    <!--
      WARNING - @mbg.generated
      This element is automatically generated by MyBatis Generator, do not modify.
      This element was generated on Mon Nov 26 10:30:33 KST 2018.
    -->
    update food
    set name = #{name,jdbcType=VARCHAR},
      food_type_id = #{foodTypeId,jdbcType=INTEGER},
      calorie = #{calorie,jdbcType=REAL},
      carbohydrate = #{carbohydrate,jdbcType=REAL},
      protein = #{protein,jdbcType=REAL},
      fat = #{fat,jdbcType=REAL},
      natrium = #{natrium,jdbcType=REAL},
      small_image_location = #{smallImageLocation,jdbcType=VARCHAR},
      big_image_location = #{bigImageLocation,jdbcType=VARCHAR},
      ingredients = #{ingredients,jdbcType=VARCHAR}
    where id = #{id,jdbcType=INTEGER}
  </update>
</mapper>